group,folder,entry_id,slot,word,file,path,width,height,bytes,status
G2 E-H,Group 2 E-H,LTR-E-S1,word1,Elephant,elephant.webp,img/Group 2 E-H/elephant.webp,554,554,32932,OK
G2 E-H,Group 2 E-H,LTR-E-S1,word2,Elbow,elbow.webp,img/Group 2 E-H/elbow.webp,678,452,9444,OK
G2 E-H,Group 2 E-H,LTR-E-S2,word1,Eat,eat.webp,img/Group 2 E-H/eat.webp,418,350,11758,OK
G2 E-H,Group 2 E-H,LTR-E-S2,word2,Eagle,eagle.webp,img/Group 2 E-H/eagle.webp,399,501,30098,OK
G2 E-H,Group 2 E-H,LTR-F-S1,word1,Flower,flower.webp,img/Group 2 E-H/flower.webp,387,516,10334,OK
G2 E-H,Group 2 E-H,LTR-F-S1,word2,Face,face.webp,img/Group 2 E-H/face.webp,554,554,8644,OK
G2 E-H,Group 2 E-H,LTR-G-S1,word1,Gorilla,gorilla.webp,img/Group 2 E-H/gorilla.webp,447,447,27188,OK
G2 E-H,Group 2 E-H,LTR-G-S1,word2,Goat,goat.webp,img/Group 2 E-H/goat.webp,390,512,23774,OK
G2 E-H,Group 2 E-H,LTR-G-S2,word1,Giant,giant.webp,img/Group 2 E-H/giant.webp,468,654,60730,OK
G2 E-H,Group 2 E-H,LTR-G-S2,word2,Giraffe,giraffe.webp,img/Group 2 E-H/giraffe.webp,452,678,51766,OK
G2 E-H,Group 2 E-H,LTR-H-S1,word1,Hotel,hotel.webp,img/Group 2 E-H/hotel.webp,547,365,20562,OK
G2 E-H,Group 2 E-H,LTR-H-S1,word2,Human,human.webp,img/Group 2 E-H/human.webp,225,225,4300,OK
G2 E-H,Group 2 E-H,U2-FA,word1,Fan,fan.webp,img/Group 2 E-H/fan.webp,408,800,45308,OK
G2 E-H,Group 2 E-H,U2-FA,word2,Family,family.webp,img/Group 2 E-H/family.webp,350,350,11712,OK
G2 E-H,Group 2 E-H,U2-FE,word1,Fence,fence.webp,img/Group 2 E-H/fence.webp,479,300,29412,OK
G2 E-H,Group 2 E-H,U2-FE,word2,Festival,festival.webp,img/Group 2 E-H/festival.webp,547,365,42890,OK
G2 E-H,Group 2 E-H,U2-FI,word1,Fish,fish.webp,img/Group 2 E-H/fish.webp,678,452,9880,OK
G2 E-H,Group 2 E-H,U2-FI,word2,Finger,finger.webp,img/Group 2 E-H/finger.webp,447,447,6342,OK
G2 E-H,Group 2 E-H,U2-FO,word1,Fog,fog.webp,img/Group 2 E-H/fog.webp,678,452,8636,OK
G2 E-H,Group 2 E-H,U2-FO,word2,Fossil,fossil.webp,img/Group 2 E-H/fossil.webp,679,450,52138,OK
G2 E-H,Group 2 E-H,U2-FU,word1,Fun,fun.webp,img/Group 2 E-H/fun.webp,590,338,22190,OK
G2 E-H,Group 2 E-H,U2-FU,word2,Fuzzy,fuzzy.webp,img/Group 2 E-H/fuzzy.webp,316,280,4728,OK
G2 E-H,Group 2 E-H,U2-GA,word1,Gas,gas.webp,img/Group 2 E-H/gas.webp,447,447,4108,OK
G2 E-H,Group 2 E-H,U2-GA,word2,Galaxy,galaxy.webp,img/Group 2 E-H/galaxy.webp,625,490,30578,OK
G2 E-H,Group 2 E-H,U2-GE,word1,Gem,gem.webp,img/Group 2 E-H/gem.webp,547,365,14450,OK
G2 E-H,Group 2 E-H,U2-GE,word2,Gel,gel.webp,img/Group 2 E-H/gel.webp,447,447,17428,OK
G2 E-H,Group 2 E-H,U2-GI,word1,Ginger,ginger.webp,img/Group 2 E-H/ginger.webp,580,528,20494,OK
G2 E-H,Group 2 E-H,U2-GI,word2,Giraffe,giraffe.webp,img/Group 2 E-H/giraffe.webp,452,678,51766,OK
G2 E-H,Group 2 E-H,U2-GO,word1,Golf,golf.webp,img/Group 2 E-H/golf.webp,738,414,43126,OK
G2 E-H,Group 2 E-H,U2-GO,word2,Goal,goal.webp,img/Group 2 E-H/goal.webp,678,452,80036,OK
G2 E-H,Group 2 E-H,U2-GU,word1,Gum,gum.webp,img/Group 2 E-H/gum.webp,225,225,9894,OK
G2 E-H,Group 2 E-H,U2-GU,word2,Gull,gull.webp,img/Group 2 E-H/gull.webp,392,510,9112,OK
G2 E-H,Group 2 E-H,U2-HA,word1,Hat,hat.webp,img/Group 2 E-H/hat.webp,486,411,12908,OK
G2 E-H,Group 2 E-H,U2-HA,word2,Hammock,hammock.webp,img/Group 2 E-H/hammock.webp,547,365,46480,OK
G2 E-H,Group 2 E-H,U2-HE,word1,Hen,hen.webp,img/Group 2 E-H/hen.webp,452,678,65366,OK
G2 E-H,Group 2 E-H,U2-HE,word2,Helicopter,helicopter.webp,img/Group 2 E-H/helicopter.webp,678,452,22690,OK
G2 E-H,Group 2 E-H,U2-HI,word1,Hit,hit.webp,img/Group 2 E-H/hit.webp,301,250,14974,OK
G2 E-H,Group 2 E-H,U2-HI,word2,Hippopotamus,hippopotamus.webp,img/Group 2 E-H/hippopotamus.webp,633,404,29116,OK
G2 E-H,Group 2 E-H,U2-HO,word1,Hot,hot.webp,img/Group 2 E-H/hot.webp,554,554,15922,OK
G2 E-H,Group 2 E-H,U2-HO,word2,Hospital,hospital.webp,img/Group 2 E-H/hospital.webp,768,429,39402,OK
G2 E-H,Group 2 E-H,U2-HU,word1,Hug,hug.webp,img/Group 2 E-H/hug.webp,678,452,27800,OK
G2 E-H,Group 2 E-H,U2-HU,word2,Hut,hut.webp,img/Group 2 E-H/hut.webp,515,388,34626,OK
G3 I-L,Group 3 I-L,LTR-I-S1,word1,Insect,insect.webp,img/Group 3 I-L/insect.webp,476,644,29278,OK
G3 I-L,Group 3 I-L,LTR-I-S1,word2,Igloo,igloo.webp,img/Group 3 I-L/igloo.webp,738,414,16958,OK
G3 I-L,Group 3 I-L,LTR-I-S2,word1,Island,island.webp,img/Group 3 I-L/island.webp,640,479,21656,OK
G3 I-L,Group 3 I-L,LTR-I-S2,word2,Ice,ice.webp,img/Group 3 I-L/ice.webp,447,447,11204,OK
G3 I-L,Group 3 I-L,LTR-J-S1,word1,Juice,juice.webp,img/Group 3 I-L/juice.webp,374,534,16058,OK
G3 I-L,Group 3 I-L,LTR-J-S1,word2,Jump,jump.webp,img/Group 3 I-L/jump.webp,535,373,7450,OK
G3 I-L,Group 3 I-L,LTR-K-S1,word1,Kilo,kilo.webp,img/Group 3 I-L/kilo.webp,447,447,8064,OK
G3 I-L,Group 3 I-L,LTR-K-S1,word2,Key,key.webp,img/Group 3 I-L/key.webp,447,447,6064,OK
G3 I-L,Group 3 I-L,LTR-L-S1,word1,Lion,lion.webp,img/Group 3 I-L/lion.webp,284,177,8692,OK
G3 I-L,Group 3 I-L,LTR-L-S1,word2,Leaf,leaf.webp,img/Group 3 I-L/leaf.webp,800,534,65254,OK
G3 I-L,Group 3 I-L,U2-JA,word1,Jam,jam.webp,img/Group 3 I-L/jam.webp,554,554,25674,OK
G3 I-L,Group 3 I-L,U2-JA,word2,Jaguar,jaguar.webp,img/Group 3 I-L/jaguar.webp,538,371,38640,OK
G3 I-L,Group 3 I-L,U2-JE,word1,Jelly,jelly.webp,img/Group 3 I-L/jelly.webp,678,452,10240,OK
G3 I-L,Group 3 I-L,U2-JE,word2,Jet,jet.webp,img/Group 3 I-L/jet.webp,310,163,4562,OK
G3 I-L,Group 3 I-L,U2-JI,word1,Jingle,jingle.webp,img/Group 3 I-L/jingle.webp,600,315,15700,OK
G3 I-L,Group 3 I-L,U2-JI,word2,Jigsaw,jigsaw.webp,img/Group 3 I-L/jigsaw.webp,516,594,21984,OK
G3 I-L,Group 3 I-L,U2-JO,word1,Jog,jog.webp,img/Group 3 I-L/jog.webp,678,452,26572,OK
G3 I-L,Group 3 I-L,U2-JO,word2,Job,job.webp,img/Group 3 I-L/job.webp,678,452,27214,OK
G3 I-L,Group 3 I-L,U2-JU,word1,Jug,jug.webp,img/Group 3 I-L/jug.webp,447,447,15746,OK
G3 I-L,Group 3 I-L,U2-JU,word2,Jungle,jungle.webp,img/Group 3 I-L/jungle.webp,480,269,42424,OK
G3 I-L,Group 3 I-L,U2-KE,word1,Kettle,kettle.webp,img/Group 3 I-L/kettle.webp,350,350,11240,OK
G3 I-L,Group 3 I-L,U2-KE,word2,Ketchup,ketchup.webp,img/Group 3 I-L/ketchup.webp,447,447,16784,OK
G3 I-L,Group 3 I-L,U2-KI,word1,Kid,kid.webp,img/Group 3 I-L/kid.webp,678,452,43246,OK
G3 I-L,Group 3 I-L,U2-KI,word2,Kitten,kitten.webp,img/Group 3 I-L/kitten.webp,680,451,20310,OK
G3 I-L,Group 3 I-L,U2-LA,word1,Ladder,ladder.webp,img/Group 3 I-L/ladder.webp,476,644,11916,OK
G3 I-L,Group 3 I-L,U2-LA,word2,Lamp,lamp.webp,img/Group 3 I-L/lamp.webp,447,447,13716,OK
G3 I-L,Group 3 I-L,U2-LE,word1,Leg,leg.webp,img/Group 3 I-L/leg.webp,307,500,12750,OK
G3 I-L,Group 3 I-L,U2-LE,word2,Lemon,lemon.webp,img/Group 3 I-L/lemon.webp,678,452,14286,OK
G3 I-L,Group 3 I-L,U2-LI,word1,Lip,lip.webp,img/Group 3 I-L/lip.webp,678,452,32954,OK
G3 I-L,Group 3 I-L,U2-LI,word2,List,list.webp,img/Group 3 I-L/list.webp,554,554,4170,OK
G3 I-L,Group 3 I-L,U2-LO,word1,Lock,lock.webp,img/Group 3 I-L/lock.webp,447,447,4986,OK
G3 I-L,Group 3 I-L,U2-LO,word2,Lollipop,lollipop.webp,img/Group 3 I-L/lollipop.webp,678,452,10952,OK
G3 I-L,Group 3 I-L,U2-LU,word1,Lunch,lunch.webp,img/Group 3 I-L/lunch.webp,515,595,60242,OK
G3 I-L,Group 3 I-L,U2-LU,word2,Lung,lung.webp,img/Group 3 I-L/lung.webp,515,388,11864,OK
G4 M-P,Group 4 M-P,LTR-M-S1,word1,Mango,mango.webp,img/Group 4 M-P/mango.webp,528,378,33498,OK
G4 M-P,Group 4 M-P,LTR-M-S1,word2,Moon,moon.webp,img/Group 4 M-P/moon.webp,330,314,13440,OK
G4 M-P,Group 4 M-P,LTR-N-S1,word1,Note,note.webp,img/Group 4 M-P/note.webp,480,638,29086,OK
G4 M-P,Group 4 M-P,LTR-N-S1,word2,Nose,nose.webp,img/Group 4 M-P/nose.webp,643,476,5656,OK
G4 M-P,Group 4 M-P,LTR-O-S1,word1,Octopus,octopus.webp,img/Group 4 M-P/octopus.webp,620,494,22058,OK
G4 M-P,Group 4 M-P,LTR-O-S1,word2,Office,office.webp,img/Group 4 M-P/office.webp,581,360,33684,OK
G4 M-P,Group 4 M-P,LTR-O-S2,word1,Ocean,ocean.webp,img/Group 4 M-P/ocean.webp,638,480,46272,OK
G4 M-P,Group 4 M-P,LTR-O-S2,word2,Open,open.webp,img/Group 4 M-P/open.webp,387,516,30632,OK
G4 M-P,Group 4 M-P,LTR-P-S1,word1,Piano,piano.webp,img/Group 4 M-P/piano.webp,447,447,10964,OK
G4 M-P,Group 4 M-P,LTR-P-S1,word2,Pig,pig.webp,img/Group 4 M-P/pig.webp,365,547,19774,OK
G4 M-P,Group 4 M-P,U2-MA,word1,Map,map.webp,img/Group 4 M-P/map.webp,562,800,44902,OK
G4 M-P,Group 4 M-P,U2-MA,word2,Man,man.webp,img/Group 4 M-P/man.webp,480,640,7028,OK
G4 M-P,Group 4 M-P,U2-ME,word1,Melon,melon.webp,img/Group 4 M-P/melon.webp,547,365,16280,OK
G4 M-P,Group 4 M-P,U2-ME,word2,Medal,medal.webp,img/Group 4 M-P/medal.webp,675,453,36882,OK
G4 M-P,Group 4 M-P,U2-MI,word1,Milk,milk.webp,img/Group 4 M-P/milk.webp,678,452,14934,OK
G4 M-P,Group 4 M-P,U2-MI,word2,Minute,minute.webp,img/Group 4 M-P/minute.webp,447,447,5440,OK
G4 M-P,Group 4 M-P,U2-MO,word1,Mop,mop.webp,img/Group 4 M-P/mop.webp,554,554,35732,OK
G4 M-P,Group 4 M-P,U2-MO,word2,Mom,mom.webp,img/Group 4 M-P/mom.webp,447,447,7420,OK
G4 M-P,Group 4 M-P,U2-MU,word1,Mud,mud.webp,img/Group 4 M-P/mud.webp,387,516,56122,OK
G4 M-P,Group 4 M-P,U2-MU,word2,Mug,mug.webp,img/Group 4 M-P/mug.webp,499,400,18254,OK
G4 M-P,Group 4 M-P,U2-NA,word1,Nap,nap.webp,img/Group 4 M-P/nap.webp,678,452,13612,OK
G4 M-P,Group 4 M-P,U2-NA,word2,Napkin,napkin.webp,img/Group 4 M-P/napkin.webp,550,550,15508,OK
G4 M-P,Group 4 M-P,U2-NE,word1,Nest,nest.webp,img/Group 4 M-P/nest.webp,556,551,23360,OK
G4 M-P,Group 4 M-P,U2-NE,word2,Nectar,nectar.webp,img/Group 4 M-P/nectar.webp,678,452,29082,OK
G4 M-P,Group 4 M-P,U2-NI,word1,Nibble,nibble.webp,img/Group 4 M-P/nibble.webp,549,364,15424,OK
G4 M-P,Group 4 M-P,U2-NI,word2,Ninja,ninja.webp,img/Group 4 M-P/ninja.webp,554,554,29380,OK
G4 M-P,Group 4 M-P,U2-NO,word1,Nod,nod.webp,img/Group 4 M-P/nod.webp,482,414,5700,OK
G4 M-P,Group 4 M-P,U2-NO,word2,Not,not.webp,img/Group 4 M-P/not.webp,436,458,12774,OK
G4 M-P,Group 4 M-P,U2-NU,word1,Nut,nut.webp,img/Group 4 M-P/nut.webp,738,414,51032,OK
G4 M-P,Group 4 M-P,U2-NU,word2,Number,number.webp,img/Group 4 M-P/number.webp,597,335,20232,OK
G4 M-P,Group 4 M-P,U2-PA,word1,Pan,pan.webp,img/Group 4 M-P/pan.webp,447,447,4480,OK
G4 M-P,Group 4 M-P,U2-PA,word2,Palace,palace.webp,img/Group 4 M-P/palace.webp,515,388,22234,OK
G4 M-P,Group 4 M-P,U2-PE,word1,Pen,pen.webp,img/Group 4 M-P/pen.webp,447,447,6924,OK
G4 M-P,Group 4 M-P,U2-PE,word2,Penguin,penguin.webp,img/Group 4 M-P/penguin.webp,678,452,12766,OK
G4 M-P,Group 4 M-P,U2-PI,word1,Picture,picture.webp,img/Group 4 M-P/picture.webp,371,539,20286,OK
G4 M-P,Group 4 M-P,U2-PI,word2,Picnic,picnic.webp,img/Group 4 M-P/picnic.webp,236,333,26076,OK
G4 M-P,Group 4 M-P,U2-PO,word1,Pot,pot.webp,img/Group 4 M-P/pot.webp,554,554,9844,OK
G4 M-P,Group 4 M-P,U2-PO,word2,Popcorn,popcorn.webp,img/Group 4 M-P/popcorn.webp,481,636,19962,OK
G4 M-P,Group 4 M-P,U2-PU,word1,Puppy,puppy.webp,img/Group 4 M-P/puppy.webp,679,450,19022,OK
G4 M-P,Group 4 M-P,U2-PU,word2,Pumpkin,pumpkin.webp,img/Group 4 M-P/pumpkin.webp,273,184,18014,OK
G5 Q-T,Group 5 Q-T,LTR-Q-S1,word1,Quick,quick.webp,img/Group 5 Q-T/quick.webp,599,314,9742,OK
G5 Q-T,Group 5 Q-T,LTR-Q-S1,word2,Question,question.webp,img/Group 5 Q-T/question.webp,723,423,13138,OK
G5 Q-T,Group 5 Q-T,LTR-R-S1,word1,Radio,radio.webp,img/Group 5 Q-T/radio.webp,447,447,20214,OK
G5 Q-T,Group 5 Q-T,LTR-R-S1,word2,Rain,rain.webp,img/Group 5 Q-T/rain.webp,540,360,36492,OK
G5 Q-T,Group 5 Q-T,LTR-S-S1,word1,Sofa,sofa.webp,img/Group 5 Q-T/sofa.webp,447,447,12178,OK
G5 Q-T,Group 5 Q-T,LTR-S-S1,word2,Submarine,submarine.webp,img/Group 5 Q-T/submarine.webp,670,384,10308,OK
G5 Q-T,Group 5 Q-T,LTR-T-S1,word1,Tomato,tomato.webp,img/Group 5 Q-T/tomato.webp,678,452,48210,OK
G5 Q-T,Group 5 Q-T,LTR-T-S1,word2,Table,table.webp,img/Group 5 Q-T/table.webp,447,447,30568,OK
G5 Q-T,Group 5 Q-T,U2-QU,word1,Queen,queen.webp,img/Group 5 Q-T/queen.webp,447,447,14054,OK
G5 Q-T,Group 5 Q-T,U2-QU,word2,Quilt,quilt.webp,img/Group 5 Q-T/quilt.webp,451,679,60500,OK
G5 Q-T,Group 5 Q-T,U2-RA,word1,Rabbit,rabbit.webp,img/Group 5 Q-T/rabbit.webp,605,507,27262,OK
G5 Q-T,Group 5 Q-T,U2-RA,word2,Ranch,ranch.webp,img/Group 5 Q-T/ranch.webp,800,450,98654,OK
G5 Q-T,Group 5 Q-T,U2-RE,word1,Red,red.webp,img/Group 5 Q-T/red.webp,275,183,208,OK
G5 Q-T,Group 5 Q-T,U2-RE,word2,Restaurant,restaurant.webp,img/Group 5 Q-T/restaurant.webp,547,365,32992,OK
G5 Q-T,Group 5 Q-T,U2-RI,word1,Ring,ring.webp,img/Group 5 Q-T/ring.webp,447,447,4090,OK
G5 Q-T,Group 5 Q-T,U2-RI,word2,Rich,rich.webp,img/Group 5 Q-T/rich.webp,638,480,22122,OK
G5 Q-T,Group 5 Q-T,U2-RO,word1,Rocket,rocket.webp,img/Group 5 Q-T/rocket.webp,504,607,17426,OK
G5 Q-T,Group 5 Q-T,U2-RO,word2,Rock,rock.webp,img/Group 5 Q-T/rock.webp,515,388,41582,OK
G5 Q-T,Group 5 Q-T,U2-RU,word1,Rug,rug.webp,img/Group 5 Q-T/rug.webp,365,547,72446,OK
G5 Q-T,Group 5 Q-T,U2-RU,word2,Run,run.webp,img/Group 5 Q-T/run.webp,638,480,20608,OK
G5 Q-T,Group 5 Q-T,U2-SA,word1,Sand,sand.webp,img/Group 5 Q-T/sand.webp,678,452,29758,OK
G5 Q-T,Group 5 Q-T,U2-SA,word2,Salad,salad.webp,img/Group 5 Q-T/salad.webp,554,554,85876,OK
G5 Q-T,Group 5 Q-T,U2-SE,word1,Seven,seven.webp,img/Group 5 Q-T/seven.webp,224,360,2648,OK
G5 Q-T,Group 5 Q-T,U2-SE,word2,Second,second.webp,img/Group 5 Q-T/second.webp,447,447,8914,OK
G5 Q-T,Group 5 Q-T,U2-SI,word1,Sister,sister.webp,img/Group 5 Q-T/sister.webp,447,447,8462,OK
G5 Q-T,Group 5 Q-T,U2-SI,word2,Silver,silver.webp,img/Group 5 Q-T/silver.webp,494,619,71004,OK
G5 Q-T,Group 5 Q-T,U2-SO,word1,Sock,sock.webp,img/Group 5 Q-T/sock.webp,399,501,11920,OK
G5 Q-T,Group 5 Q-T,U2-SO,word2,Soccer,soccer.webp,img/Group 5 Q-T/soccer.webp,600,405,28632,OK
G5 Q-T,Group 5 Q-T,U2-SU,word1,Sun,sun.webp,img/Group 5 Q-T/sun.webp,678,380,4592,OK
G5 Q-T,Group 5 Q-T,U2-SU,word2,Summer,summer.webp,img/Group 5 Q-T/summer.webp,768,512,92746,OK
G5 Q-T,Group 5 Q-T,U2-TA,word1,Tap,tap.webp,img/Group 5 Q-T/tap.webp,350,350,2134,OK
G5 Q-T,Group 5 Q-T,U2-TA,word2,Taxi,taxi.webp,img/Group 5 Q-T/taxi.webp,567,378,26032,OK
G5 Q-T,Group 5 Q-T,U2-TE,word1,Ten,ten.webp,img/Group 5 Q-T/ten.webp,447,447,5766,OK
G5 Q-T,Group 5 Q-T,U2-TE,word2,Telephone,telephone.webp,img/Group 5 Q-T/telephone.webp,259,194,7562,OK
G5 Q-T,Group 5 Q-T,U2-TI,word1,Tickle,tickle.webp,img/Group 5 Q-T/tickle.webp,678,452,28268,OK
G5 Q-T,Group 5 Q-T,U2-TI,word2,Ticket,ticket.webp,img/Group 5 Q-T/ticket.webp,522,383,6346,OK
G5 Q-T,Group 5 Q-T,U2-TO,word1,Top,top.webp,img/Group 5 Q-T/top.webp,447,447,27416,OK
G5 Q-T,Group 5 Q-T,U2-TO,word2,Toss,toss.webp,img/Group 5 Q-T/toss.webp,325,280,5770,OK
G5 Q-T,Group 5 Q-T,U2-TU,word1,Tub,tub.webp,img/Group 5 Q-T/tub.webp,245,206,5542,OK
G5 Q-T,Group 5 Q-T,U2-TU,word2,Tunnel,tunnel.webp,img/Group 5 Q-T/tunnel.webp,678,452,54814,OK
G6 U-Z,Group 6 U-Z,LTR-U-S1,word1,Uncle,uncle.webp,img/Group 6 U-Z/uncle.webp,164,308,6006,OK
G6 U-Z,Group 6 U-Z,LTR-U-S1,word2,Umbrella,umbrella.webp,img/Group 6 U-Z/umbrella.webp,678,452,10046,OK
G6 U-Z,Group 6 U-Z,LTR-U-S2,word1,Uniform,uniform.webp,img/Group 6 U-Z/uniform.webp,554,554,14808,OK
G6 U-Z,Group 6 U-Z,LTR-U-S2,word2,Unicorn,unicorn.webp,img/Group 6 U-Z/unicorn.webp,598,450,74980,OK
G6 U-Z,Group 6 U-Z,LTR-V-S1,word1,Violin,violin.webp,img/Group 6 U-Z/violin.webp,393,508,7266,OK
G6 U-Z,Group 6 U-Z,LTR-V-S1,word2,Volleyball,volleyball.webp,img/Group 6 U-Z/volleyball.webp,678,452,23642,OK
G6 U-Z,Group 6 U-Z,LTR-W-S1,word1,Water,water.webp,img/Group 6 U-Z/water.webp,678,452,18388,OK
G6 U-Z,Group 6 U-Z,LTR-W-S1,word2,Window,window.webp,img/Group 6 U-Z/window.webp,452,678,17106,OK
G6 U-Z,Group 6 U-Z,LTR-X-S1,word1,Box,box.webp,img/Group 6 U-Z/box.webp,534,374,7098,OK
G6 U-Z,Group 6 U-Z,LTR-X-S1,word2,Fox,fox.webp,img/Group 6 U-Z/fox.webp,678,452,12468,OK
G6 U-Z,Group 6 U-Z,LTR-Y-S1,word1,Yellow,yellow.webp,img/Group 6 U-Z/yellow.webp,447,447,438,OK
G6 U-Z,Group 6 U-Z,LTR-Y-S1,word2,Yogurt,yogurt.webp,img/Group 6 U-Z/yogurt.webp,500,500,12022,OK
G6 U-Z,Group 6 U-Z,LTR-Z-S1,word1,Zebra,zebra.webp,img/Group 6 U-Z/zebra.webp,678,452,40434,OK
G6 U-Z,Group 6 U-Z,LTR-Z-S1,word2,Zoo,zoo.webp,img/Group 6 U-Z/zoo.webp,554,554,46694,OK
G6 U-Z,Group 6 U-Z,U2-VA,word1,Van,van.webp,img/Group 6 U-Z/van.webp,738,414,36734,OK
G6 U-Z,Group 6 U-Z,U2-VA,word2,Valley,valley.webp,img/Group 6 U-Z/valley.webp,480,640,80018,OK
G6 U-Z,Group 6 U-Z,U2-VE,word1,Vest,vest.webp,img/Group 6 U-Z/vest.webp,415,481,8690,OK
G6 U-Z,Group 6 U-Z,U2-VE,word2,Vegetables,vegetables.webp,img/Group 6 U-Z/vegetables.webp,547,365,27618,OK
G6 U-Z,Group 6 U-Z,U2-WA,word1,Wag,wag.webp,img/Group 6 U-Z/wag.webp,499,400,8946,OK
G6 U-Z,Group 6 U-Z,U2-WA,word2,Wagon,wagon.webp,img/Group 6 U-Z/wagon.webp,225,225,3880,OK
G6 U-Z,Group 6 U-Z,U2-WE,word1,Wet,wet.webp,img/Group 6 U-Z/wet.webp,285,189,12052,OK
G6 U-Z,Group 6 U-Z,U2-WE,word2,Web,web.webp,img/Group 6 U-Z/web.webp,547,365,23020,OK
G6 U-Z,Group 6 U-Z,U2-WI,word1,Wind,wind.webp,img/Group 6 U-Z/wind.webp,800,450,50996,OK
G6 U-Z,Group 6 U-Z,U2-WI,word2,Winter,winter.webp,img/Group 6 U-Z/winter.webp,508,604,79786,OK
G6 U-Z,Group 6 U-Z,U2-WO,word1,Won,won.webp,img/Group 6 U-Z/won.webp,447,447,8588,OK
G6 U-Z,Group 6 U-Z,U2-WO,word2,Wonderful,wonderful.webp,img/Group 6 U-Z/wonderful.webp,554,554,43466,OK
G6 U-Z,Group 6 U-Z,U2-YA,word1,Yak,yak.webp,img/Group 6 U-Z/yak.webp,510,392,25972,OK
G6 U-Z,Group 6 U-Z,U2-YA,word2,Yam,yam.webp,img/Group 6 U-Z/yam.webp,738,414,32380,OK
G6 U-Z,Group 6 U-Z,U2-YE,word1,Yes,yes.webp,img/Group 6 U-Z/yes.webp,341,349,13418,OK
G6 U-Z,Group 6 U-Z,U2-YE,word2,Yell,yell.webp,img/Group 6 U-Z/yell.webp,597,335,9490,OK
G6 U-Z,Group 6 U-Z,U2-YU,word1,Young,young.webp,img/Group 6 U-Z/young.webp,399,284,3726,OK
G6 U-Z,Group 6 U-Z,U2-YU,word2,Yummy,yummy.webp,img/Group 6 U-Z/yummy.webp,618,495,6918,OK
G6 U-Z,Group 6 U-Z,U2-ZI,word1,Zip,zip.webp,img/Group 6 U-Z/zip.webp,426,469,14650,OK
G6 U-Z,Group 6 U-Z,U2-ZI,word2,Zigzag,zigzag.webp,img/Group 6 U-Z/zigzag.webp,384,767,6198,OK
